{"$schema":"http://schema.management.azure.com/schemas/2015-01-01/deploymentTemplate.json#","contentVersion":"1.0.0.0","parameters":{},"variables":{},"resources":[{"name":"pl_dbt_runner","type":"pipelines","apiVersion":"2018-06-01","properties":{"description":"Executes dbt jobs and logs in monitoring hub","activities":[{"name":"run dbt","type":"TridentNotebook","dependsOn":[],"policy":{"timeout":"0.12:00:00","retry":0,"retryIntervalInSeconds":30,"secureOutput":false,"secureInput":false},"typeProperties":{"notebookId":"1a5bc680-64b1-4aa9-8a88-0737ad218dc7","workspaceId":"ef2b0c95-481e-4132-9982-284389e3c0fd","parameters":{"run_id":{"value":{"value":"@pipeline().RunId","type":"Expression"},"type":"string"}}}}],"lastModifiedByObjectId":"c3c997dc-c277-4a04-9f51-98fdd52a503f","lastPublishTime":"2025-12-15T22:21:08Z"},"dependsOn":[]}]}